Scenario,Vmin_pu,Vmax_pu,Total_Loss_MW,Max_Line_Loading_%
Baseload,0.918754445009028,1.0,0.16217471813305118,19.626558831585623
Case1_Random_EVCS,0.9029777501192032,1.0,0.28823437583762934,25.98848260053591
Case2_Random_EVCS_Random_BESS,0.921621940471526,1.0,0.178007556446449,21.098391949114472
Case3_Optimal_EVCS,0.8955537911908675,1.0,0.2555620721599917,25.815074971870157
Case4_Optimal_EVCS_BESS,0.9230817010496206,1.0,0.1547526170654605,20.97462215776735
